{"std": [0.5765388607978821, 0.5778449773788452, 0.5727968811988831, 0.03653287887573242, 0.0359618216753006, 0.8552654385566711, 1.131151556968689, 1.1500250101089478, 1.1463617086410522, 1.3929009437561035, 1.392882227897644, 0.6966063380241394], "mean": [-0.007285485975444317, -0.005430872086435556, -0.002776032779365778, -0.00043730955803766847, -0.00021570947137661278, 0.009127634577453136, 0.013285854831337929, -0.021079380065202713, 0.008524153381586075, 0.06263542920351028, 0.050906408578157425, 0.004829102195799351], "reset_strength": 1.2, "max_drone_dist": 0.5, "horizon": 10, "ref_length": 10, "treshold_divergence": 0.4, "dt": 0.05}