{"std": [0.5784634351730347, 0.5820775628089905, 0.5818686485290527, 0.03653584420681, 0.03658870607614517, 0.8697493672370911, 1.1541085243225098, 1.1525371074676514, 1.1629750728607178, 1.3932467699050903, 1.3880689144134521, 0.694979727268219], "mean": [-0.0035213655792176723, -0.005931216757744551, -0.005668387748301029, -0.00031065207440406084, -0.00019962448277510703, 0.00831774715334177, -0.009418790228664875, 0.012408696115016937, 0.0030485824681818485, 0.01931016705930233, -0.024464907124638557, 0.009321414865553379], "reset_strength": 1.2, "max_drone_dist": 0.5, "horizon": 10, "ref_length": 10, "treshold_divergence": 0.4, "dt": 0.05}