{"std": [0.5786842107772827, 0.5749867558479309, 0.5802080631256104, 0.036379698663949966, 0.03618193790316582, 0.8626624941825867, 0.9020942449569702, 0.9040012955665588, 0.8945049047470093, 0.5761868357658386, 0.5830140113830566, 0.5793430805206299, 1.3885530233383179, 1.3898447751998901, 0.69923335313797], "mean": [-0.006599482148885727, 0.008879810571670532, 0.013950187712907791, -0.00022656471992377192, -0.0003094403073191643, -0.005341628100723028, -0.0013634636998176575, -0.021570606157183647, -0.02877889759838581, -0.002619522623717785, 0.0031026212964206934, 0.005527956876903772, 0.003899236908182502, -0.03323916345834732, -0.013802455738186836], "reset_strength": 1.2, "max_drone_dist": 0.75, "horizon": 10, "ref_length": 10, "treshold_divergence": 0.4, "dt": 0.05}