{"std": [0.5790334343910217, 0.572024405002594, 0.5796903967857361, 0.036407019942998886, 0.03641895577311516, 0.8683224320411682, 0.8985422253608704, 0.9075822234153748, 0.901228666305542, 86.75376892089844, 87.90009307861328, 86.7781982421875, 86.57427215576172, 1.364525556564331, 1.384069561958313, 0.6867687702178955], "mean": [-0.003216495970264077, 0.013580260798335075, -0.0012905948096886277, 0.00043413788080215454, -3.153436045977287e-05, -0.0024094635155051947, 0.012055475264787674, -0.012921005487442017, -0.005380596965551376, 351.49871826171875, 350.515869140625, 350.3284912109375, 351.1595153808594, 0.011445820331573486, 0.0013316839467734098, -0.02089444361627102], "reset_strength": 1.2, "max_drone_dist": 0.25, "horizon": 10, "ref_length": 10, "treshold_divergence": 0.4, "dt": 0.05}