{
    "mass": 1.01,
    "I_xx": 0.04766,
    "I_yy": 0.05005,
    "I_zz": 0.09558,
    "I_xz": -0.00105,
    "rho": 1.225,
    "S": 0.276,
    "c": 0.185,
    "b": 1.54,
    "g": 9.81,
    "CL0": 0.39,
    "CL_alpha": 4.5321,
    "CL_q": 0.318,
    "CL_del_e": 0.527,
    "CD0": 0.0765,
    "CD_alpha": 0.3346,
    "CD_q": 0.354,
    "CD_del_e": 0.004,
    "CY0": 0.0,
    "CY_beta": -0.033,
    "CY_p": -0.1,
    "CY_r": 0.039,
    "CY_del_a": 0.0,
    "CY_del_r": 0.225,
    "Cl0": 0.0,
    "Cl_beta": -0.081,
    "Cl_p": -0.529,
    "Cl_r": 0.159,
    "Cl_del_a": -0.453,
    "Cl_del_r": 0.005,
    "Cm0": 0.02,
    "Cm_alpha": -1.4037,
    "Cm_q": -0.1324,
    "Cm_del_e": -0.4236,
    "Cn0": 0.0,
    "Cn_beta": 0.189,
    "Cn_p": -0.083,
    "Cn_r": -0.948,
    "Cn_del_a": -0.041,
    "Cn_del_r": -0.077,
    "epsilon": 0.16534698176788384
}