{"nr_epochs": 400, "delta_t": 0.05, "delta_t_train": 0.05, "epoch_size": 1000, "vec_std": 0.15, "self_play": 1, "self_play_every_x": 2, "batch_size": 8, "reset_strength": 1.2, "max_drone_dist": 0.25, "thresh_div_start": 4, "thresh_div_end": 20, "thresh_stable_start": 0.4, "thresh_stable_end": 0.8, "state_size": 12, "nr_actions": 10, "nr_actions_rnn": 10, "ref_dim": 3, "action_dim": 4, "l2_lambda": 0.01, "learning_rate_controller": 0.0001, "learning_rate_dynamics": 0.001, "resample_every": 3, "suc_up_down": -1, "system": "wing", "train_dyn_for_epochs": 5, "train_dyn_every": 1, "modified_params": {}, "save_name": "train_mpc_loss", "sample_in": "train_env", "mean": [26.383617401123047, 0.2872583568096161, 0.07319112867116928, 11.390142440795898, 0.027685659006237984, 0.15934744477272034, 0.004185776226222515, 0.010237966664135456, 0.009278413839638233, 0.00681236432865262, -0.017083877697587013, 0.006399440113455057], "std": [16.235952377319336, 1.107587456703186, 0.6785898804664612, 0.37740465998649597, 0.25092917680740356, 0.29388415813446045, 0.035158876329660416, 0.0598180778324604, 0.0592074953019619, 0.051662299782037735, 0.2796669602394104, 0.0484243780374527], "horizon": 10, "ref_length": 10, "thresh_div": 4, "dt": 0.05, "take_every_x": 2, "thresh_stable": 0.4}