{"nr_epochs": 400, "delta_t": 0.05, "delta_t_train": 0.05, "epoch_size": 1, "vec_std": 0.15, "self_play": 2000, "self_play_every_x": 2, "batch_size": 8, "reset_strength": 1.2, "max_drone_dist": 0.25, "thresh_div_start": 4, "thresh_div_end": 20, "thresh_stable_start": 0.4, "thresh_stable_end": 0.8, "state_size": 12, "nr_actions": 10, "nr_actions_rnn": 10, "ref_dim": 3, "action_dim": 4, "l2_lambda": 0.01, "learning_rate_controller": 0.0001, "learning_rate_dynamics": 0.001, "resample_every": 3, "suc_up_down": -1, "system": "wing", "train_dyn_for_epochs": 5, "train_dyn_every": 1, "modified_params": {}, "save_name": "train_only_selfplay_new_inp", "sample_in": "train_env", "mean": [26.728229522705078, 0.17410589754581451, 0.1386614292860031, 11.607955932617188, -0.0018494244432076812, 0.1531287282705307, 0.003012789646163583, 0.009522896260023117, 0.009643254801630974, -0.004771715961396694, 0.0270717553794384, 0.00016122178931254894], "std": [16.627321243286133, 0.6660079956054688, 0.6347016096115112, 0.5075958371162415, 0.3485218584537506, 0.359385222196579, 0.03258341923356056, 0.07170137017965317, 0.030772769823670387, 0.06361705809831619, 0.31645286083221436, 0.05781053379178047], "horizon": 10, "ref_length": 10, "thresh_div": 4, "dt": 0.05, "take_every_x": 2, "thresh_stable": 0.4}