{"dt": 0.1, "horizon": 10, "vec_std": 0.15, "mean": [6.72866153717041, 0.013161885552108288, -0.0496412068605423, 11.274383544921875, 0.0482056550681591, 0.20811069011688232, -0.0018097475403919816, 0.025475196540355682, -0.0031879630405455828, -0.0024176486767828465, 0.008708067238330841, -0.002309653675183654], "std": [6.091671466827393, 0.24795490503311157, 0.5902447700500488, 0.6216530799865723, 0.4376581013202667, 0.7215794324874878, 0.08302445709705353, 0.10696657001972198, 0.02713487111032009, 0.12338472902774811, 0.6313919425010681, 0.07902637869119644], "ref_mean": [18.679706573486328, -0.022985994815826416, 0.18797075748443604], "ref_std": [6.235971927642822, 1.7028944492340088, 1.8766971826553345]}