{"dt": 0.05, "horizon": 10, "mean": [281.5484313964844, -4.018327713012695, 11.424727439880371, 0.14218449592590332, 0.0025010693352669477, -0.00021148852829355747], "std": [163.80105590820312, 9.748041152954102, 1.2164026498794556, 0.23472051322460175, 0.14531192183494568, 0.17804959416389465], "ref_mean": [0.9997740983963013, 0.0017064318526536226], "ref_std": [0.38251394033432007, 0.3897101879119873]}