{
    "nr_epochs": 400,
    "delta_t": 0.1,
    "delta_t_train": 0.1,
    "epoch_size": 1000,
    "self_play": 1,
    "self_play_every_x": 2,
    "batch_size": 8,
    "reset_strength": 1.2,
    "max_drone_dist": 0.25,
    "max_steps": 1000,
    "thresh_div_start": 1,
    "thresh_div_end": 2,
    "thresh_stable_start": 1,
    "thresh_stable_end": 2,
    "state_size": 12,
    "nr_actions": 10,
    "nr_actions_rnn": 10,
    "ref_dim": 9,
    "action_dim": 4,
    "l2_lambda": 0.01,
    "learning_rate_controller": 1e-05,
    "learning_rate_dynamics": 0.001,
    "resample_every": 3,
    "suc_up_down": -1,
    "speed_factor": 0.4,
    "system": "quad",
    "train_dyn_for_epochs": 5,
    "train_dyn_every": 1,
    "modified_params": {},
    "save_name": "optimizer_04_model",
    "sample_in": "train_env",
    "std": [
        4.733907222747803,
        6.922898769378662,
        3.3786492347717285,
        0.3308054804801941,
        0.12871187925338745,
        0.36231765151023865,
        3.07597017288208,
        5.794763565063477,
        3.0445024967193604,
        0.0,
        0.0,
        0.0
    ],
    "mean": [
        -0.08687329292297363,
        0.046544432640075684,
        4.983023166656494,
        0.002715488662943244,
        -0.0007816449506208301,
        0.019068855792284012,
        -0.0597287192940712,
        0.07999221980571747,
        -0.012995459139347076,
        0.0,
        0.0,
        0.0
    ],
    "horizon": 10,
    "ref_length": 10,
    "thresh_div": 1,
    "dt": 0.1,
    "take_every_x": 2,
    "thresh_stable": 1
}